{
	"name": "Micro Manager Factory",
	"description": "Forges Micro Manager mining units.",
	"type": "UnitFactory",
	"unitType": "micro-manager",
	"size": 2,
	"produceTime": 375,
	"consumes": {
		"power": 0.65,
		"items": {
			"items": [
				{"item": "surge-alloy", "amount": 30},
				{"item": "phase-fabric", "amount": 35}
			]
		}
	},
	"category": "units",
	"research": "wraith-factory",
	"requirements": [
		{ "item": "thorium", "amount": 45 },
		{ "item": "plastanium", "amount": 30 },
		{ "item": "surge-alloy", "amount": 30 }
	]
}
